<?xml version="1.0" encoding="UTF-8" ?>
<!DOCTYPE mapper
  PUBLIC "-//mybatis.org//DTD Mapper 3.0//EN"
  "https://mybatis.org/dtd/mybatis-3-mapper.dtd">
<mapper namespace="com.ssafy.mvc.model.dao.BoardDao">

<!-- mybatis.configuration.map-underscore-to-camel-case=true 
이게 있어서 이제 아래 resultMap 필요 없음.  -->
<!-- 	<resultMap type="Board" id="boardMap">
		<result column="id" property="id"/>
		<result column="writer" property="writer"/>
		<result column="title" property="title"/>
		<result column="content" property="content"/>  안써도 가넝
		<result column="view_cnt" property="viewCnt"/>
		<result column="reg_date" property="regDate"/>
	</resultMap>
 -->



	<!-- 전체 게시글 조회 -->
<!-- 	<select id="selectAll" resultType="com.ssafy.board.model.dto.Board"> -->
	<select id="selectAll" resultType="Board" parameterType="BoardSearch">
		SELECT id, content, writer, title, reg_date, view_cnt 
		FROM board
		ORDER BY id DESC
		LIMIT ${offset}, ${listSize};
	</select>
	
	<!-- 상세 게시글 조회 -->
<!-- 	<select id="selectOne" resultMap="boardMap" parameterType="int">
		SELECT * FROM board
		WHERE id = #{id};
	</select>
 -->	
 
 	<select id="selectOne" resultType="Board" parameterType="int">
		SELECT * FROM board
		WHERE id = #{id};
	</select>
	
	<!-- 게시글 등록 -->
	<insert id="insertBoard" parameterType="Board">
		INSERT INTO board (title, writer, content)
		VALUES (#{title}, #{writer}, #{content});
	</insert>

	<insert id="insertBoardFile" parameterType="BoardFile">
		INSERT INTO board (id, ori_name, system_name, file_path)
		VALUES (#{id}, #{oriName}, #{systemName}, #{filePath});
	</insert>
	
	<!-- 게시글 삭제 -->
	<delete id="deleteBoard" parameterType="int">
		DELETE FROM board
		WHERE id = #{id};
	</delete>
	
	<!-- 조회수 증가 -->
	<update id="updateViewCnt" parameterType="int">
		UPDATE board
		SET view_cnt = view_cnt+1
		WHERE id = #{id};
	</update>
	
	<!-- 업데이트 수정날짜를 저장하겠다는 예시 -->
	<update id="updateBoard" parameterType="Board">
		UPDATE board
		SET title = #{title}, content = #{content}, reg_date = now()
		WHERE id = #{id};
	</update>

	<select id="search" resultType="Board" parameterType="SearchCondition">
		SELECT * FROM board
		<!-- 검색 조건 -->
		<if test="key != 'none'">
			WHERE ${key} LIKE concat('%', #{word}, '%')
		</if>
		<!-- 정렬 조건 -->
		<if test="orderBy != 'none'">
			ORDER BY ${orderBy} ${orderByDir}
		</if>
	</select>
	
	<select id="selectBoardCount" resultType="int" parameterType="BoardSearch">
		SELECT count(*)
		FROM board
	</select>
	
</mapper>